,old,young
old,1.0,0.2445095168374817
young,0.2445095168374817,1.0
